file_name,accuracy
5_db_scan,0.994392926461074
40_db_scan,0.602113435410826
45_db_scan,0.6743584213931422
35_db_scan,0.5921932283804183
50_db_scan,0.8076342462799224
10_db_scan,0.9754151390985552
15_db_scan,0.9307742074617209
30_db_scan,0.6562432607289196
25_db_scan,0.7655811947379771
20_db_scan,0.8749191287470347
