file_name,accuracy
5_db_scan,0.14643088203579901
40_db_scan,0.18373948673711452
45_db_scan,0.1692904895406513
35_db_scan,0.19689454388613328
50_db_scan,0.15354755229674358
10_db_scan,0.15980159585939185
15_db_scan,0.1858960534828553
30_db_scan,0.22083243476385594
25_db_scan,0.22492991158076342
20_db_scan,0.1996980806555963
