file_name,map
5_db_scan,0.9960205390081303
40_db_scan,0.601472725960212
45_db_scan,0.674984509194868
35_db_scan,0.6035452769302284
50_db_scan,0.8175725247023924
10_db_scan,0.9842889877029288
15_db_scan,0.9562859321593635
30_db_scan,0.6928898569620157
25_db_scan,0.8018425324199163
20_db_scan,0.9087234717621846
