file_name,accuracy
26,0.18987616771670648
30,0.17510319356941126
35,0.16510971105800565
40,0.14816424071257875
45,0.13990875515967846
50,0.13056702150771235
55,0.12339778405387791
60,0.11492504888116446
65,0.10927655876602216
70,0.11318705192265914
