file_name,map
40_db_scan,0.6510628778291743
30_db_scan,0.8356508223998127
35_db_scan,0.7355983836635158
55_db_scan,0.5459042567723296
50_db_scan,0.5281893277494726
70_db_scan,0.8202456324425034
25_db_scan,0.9228936555803053
60_db_scan,0.6195663425782343
45_db_scan,0.5741485959341602
65_db_scan,0.6996828191775373
