file_name,accuracy
26,0.2291472144413321
30,0.21968370681605975
35,0.2048805633364457
40,0.20475412387177094
45,0.18108076563958916
50,0.1931411453470277
55,0.17082944288826643
60,0.15595821661998133
65,0.14354769685652038
70,0.1318860877684407
