file_name,map
26,0.22815344468240845
30,0.21301889831792134
35,0.2034700906778965
40,0.19242586838671627
45,0.18023435385220113
50,0.1785573735274787
55,0.16718008461304878
60,0.1526978324604584
65,0.1378591912755388
70,0.12922280275368203
