file_name,accuracy
26,0.21544101789950398
30,0.21500970455035584
35,0.21802889799439293
40,0.21457839120120767
45,0.22945870174681907
50,0.23614405865861549
55,0.23290920854000433
60,0.23053698511968945
65,0.23571274530946731
70,0.23614405865861549
