file_name,accuracy
10,0.5270935960591133
15,0.49261083743842365
20,0.4236453201970443
25,0.3842364532019704
30,0.3251231527093596
35,0.33004926108374383
40,0.27586206896551724
45,0.28078817733990147
50,0.2315270935960591
