file_name,accuracy
10,0.5270935960591133
15,0.49261083743842365
20,0.4236453201970443
25,0.3842364532019704
26,0.2697864998921717
30,0.3251231527093596
35,0.30049261083743845
40,0.3448275862068966
45,0.270935960591133
50,0.27586206896551724
