file_name,accuracy
10,0.35960591133004927
15,0.35467980295566504
20,0.4088669950738916
25,0.4236453201970443
30,0.4630541871921182
35,0.43842364532019706
40,0.49261083743842365
45,0.5320197044334976
50,0.5270935960591133
