file_name,map
26,0.29770047606332994
30,0.33314631039319514
35,0.3328052573776941
40,0.3354786712809558
45,0.2933145564292363
50,0.23341286381012802
55,0.24763498096777234
60,0.258751475701137
65,0.2464574684417886
70,0.23578735320521266
