file_name,map
10,0.5864826661847535
15,0.626012506012506
20,0.6054143748408454
25,0.6184379191938641
26,0.32167297201539985
30,0.6349038633217133
35,0.6717688867378308
40,0.6996377641965876
45,0.7003077885873586
50,0.7156125209401073
