file_name,map
10,0.6370394032490807
15,0.6000119862216637
20,0.5804491923846762
25,0.5410841130195969
26,0.29770047606332994
30,0.48589850114043664
35,0.47802169157007873
40,0.4986598705953545
45,0.4634542428897268
50,0.45673381278219993
