file_name,map
26,0.32167297201539985
30,0.28047832409186846
35,0.32107082032346745
40,0.3113748246966909
45,0.35295048421460273
50,0.3538876867649032
55,0.3635054994899545
60,0.3912799011076593
65,0.36629472197021845
70,0.3709943435961944
