file_name,map
26,0.21859716116876227
30,0.2127804011788054
35,0.20110317078261522
40,0.19005519021602002
45,0.17570952322267594
50,0.16601224826261785
55,0.15889602252853188
60,0.14870170470230493
65,0.14812815356057196
70,0.14725712782093964
