file_name,map
26,0.27369729975531887
30,0.2352511294770066
35,0.2352511294770066
40,0.23301162589552135
45,0.23301162589552135
50,0.21622590807743086
55,0.21328392094787554
60,0.19261316259647376
65,0.19097821619278016
70,0.17269940477802906
