Clusters,accuracy
26,0.246279922
30,0.254259219
35,0.254474876
40,0.259003666
45,0.26461074
50,0.266982963
55,0.272590037
60,0.269355187
65,0.273883977
70,0.27755014
