file_name,accuracy
5,0.008410610308389044
10,0.015958593918481777
15,0.03730860470131551
20,0.05046366185033427
25,0.06922579253827905
30,0.08798792322622385
35,0.11710157429372439
40,0.14276471856803968
45,0.18373948673711452
50,0.2163036445978003
