file_name,accuracy
5,0.9956868665085185
10,0.9879232262238516
15,0.9674358421393142
20,0.9234418805262022
25,0.8470994177269786
30,0.751132197541514
35,0.6476169937459564
40,0.5423765365538064
45,0.4671123571274531
50,0.3847315074401553
