file_name,accuracy
25,0.9228763849663263
30,0.8674777319139692
35,0.8001303497718879
40,0.7234412339778405
45,0.6402346295893983
50,0.5668042580925483
55,0.49771887899196177
60,0.4412339778405388
65,0.4010427981751032
70,0.36628285900499674
