Clusters,Accuracy
26,0.214859874
30,0.233543341
35,0.235715837
40,0.247447317
45,0.247447317
50,0.252444058
55,0.251792309
60,0.255702803
65,0.26308929
70,0.258309798
