file_name,accuracy
30_k_means,0.23354334129915272
35_k_means,0.2357158374972844
55_k_means,0.2517923093634586
50_k_means,0.2524440582228981
26_k_means,0.2148598739952205
60_k_means,0.2557028025200956
40_k_means,0.2474473169671953
65_k_means,0.2630892895937432
45_k_means,0.2474473169671953
70_k_means,0.2583097979578536
