file_name,accuracy
25,0.922876385
30,0.867477732
35,0.80013035
40,0.723441234
45,0.64023463
50,0.566804258
55,0.497718879
60,0.441233978
65,0.401042798
70,0.366282859
