file_name,accuracy
26,0.19900065174885945
30,0.1929176623940908
35,0.18118618292417987
40,0.16815120573538997
45,0.1522919834890289
50,0.13751900934173364
55,0.13273951770584402
60,0.12079078861611992
65,0.12013903975668043
70,0.11927004127742777
