file_name,map
25,0.6010853546290166
30,0.5522460946982624
35,0.5096244884870317
40,0.5066284568511188
45,0.46210033033760944
50,0.41639672590788906
55,0.4080820846358424
60,0.3928974089185635
65,0.34720595129669185
70,0.3389660135560173
