file_name,accuracy
30_k_means,0.254259219322838
35_k_means,0.25447487599741214
55_k_means,0.27259003666163467
50_k_means,0.26698296312270864
26_k_means,0.24627992236359716
60_k_means,0.2693551865430235
40_k_means,0.25900366616346776
65_k_means,0.27388397670907916
45_k_means,0.2646107397023938
70_k_means,0.2775501401768385
